<?xml version="1.0" encoding="UTF-8"?>
<beans xmlns="http://www.springframework.org/schema/beans"
	   xmlns:xsi="http://www.w3.org/2001/XMLSchema-instance"
	   xmlns:p="http://www.springframework.org/schema/p"
	   xmlns:util="http://www.springframework.org/schema/util"
	   xsi:schemaLocation="http://www.springframework.org/schema/beans
	   		http://www.springframework.org/schema/beans/spring-beans-3.0.xsd
			http://www.springframework.org/schema/util 
			http://www.springframework.org/schema/util/spring-util-3.0.xsd">



	<!-- Declare permissions for SYS_ADMIN
		Contains a map of objects and their associated allowed actions -->
	<bean id="SYS_ADMIN" class="vn.telesale.cms.web.security.Permission" >
		<property name="objects">
			<map>
				<entry key="Partner">
					<list>
						<value>INDEX</value>
						<value>CREATE</value>
						<value>DELETE</value>
						<value>EDIT</value>
						<value>VIEW</value>
						<value>FULL_CONTROL</value>
					</list>
				</entry>
				<!--<entry key="vn.telesaleale.cms.web.controller.Partner">-->
					<!--<list>-->
						<!--<value>READ</value>-->
					<!--</list>-->
				<!--</entry>-->
				<!--<entry key="vn.telesaleale.cms.web.controller.Partner">-->
					<!--<list>-->
						<!--<value>READ</value>-->
						<!--<value>WRITE</value>-->
					<!--</list>-->
				<!--</entry>-->
			</map>
		</property>
	</bean>

	<!-- Declare permissions for SYS_MANAGER
		Contains a map of objects and their associated allowed actions -->
	<bean id="SYS_MANAGER" class="vn.telesale.cms.web.security.Permission" >
		<property name="objects">
			<map>
				<entry key="Partner">
					<list>
						<value>CREATE</value>
						<value>VIEW</value>
					</list>
				</entry>
				<!--<entry key="vn.telesaleale.cms.web.controller.Partner">-->
					<!--<list>-->
						<!--<value>READ</value>-->
						<!--<value>WRITE</value>-->
					<!--</list>-->
				<!--</entry>-->
			</map>
		</property>
	</bean>

	<!-- Declare permissions for ORG_ADMIN
		Contains a map of objects and their associated allowed actions -->
	<bean id="ORG_ADMIN" class="vn.telesale.cms.web.security.Permission" >
		<property name="objects">
			<map>
				<entry key="Partner">
					<list>
						<value>CREATE</value>
						<value>DELETE</value>
						<value>EDIT</value>
						<value>VIEW</value>
						<value>OWNER</value>
					</list>
				</entry>
			</map>
		</property>
	</bean>
</beans>