<?xml version="1.0" encoding="UTF-8"?>
<beans xmlns="http://www.springframework.org/schema/beans"
	   xmlns:xsi="http://www.w3.org/2001/XMLSchema-instance"
	   xmlns:security="http://www.springframework.org/schema/security"
	   xsi:schemaLocation="http://www.springframework.org/schema/beans
	   		http://www.springframework.org/schema/beans/spring-beans-3.0.xsd
			http://www.springframework.org/schema/security 
			http://www.springframework.org/schema/security/spring-security-4.0.xsd">
    <!--<security:http-->
            <!--auto-config="true"-->
            <!--disable-url-rewriting="true"-->
            <!--use-expressions="true">-->
        <!--<security:csrf />-->

        <!--&lt;!&ndash; Remaining configuration ... &ndash;&gt;-->
    <!--</security:http>-->


	<!-- To enable Method Security Expressions and custom PermissionEvaluator
		we need to add the following -->
	<!--<security:global-method-security pre-post-annotations="enabled">-->
		<!--<security:expression-handler ref="expressionHandler" />-->
	<!--</security:global-method-security>-->

	<!-- To use hasPermission() expressions, we have to configure a PermissionEvaluator -->
	<!-- See 15.3.2 Built-In Expression 
			@http://static.springsource.org/spring-security/site/docs/3.0.x/reference/el-access.html#el-permission-evaluator -->
	<!--<bean id="expressionHandler"-->
		  <!--class="org.springframework.security.access.expression.method.DefaultMethodSecurityExpressionHandler">-->
		<!--<property name="permissionEvaluator" ref="customPermissionEvaluator" />-->
		<!--<property name = "roleHierarchy" ref="roleHierarchy"/>-->
	<!--</bean>-->

	<!-- Declare a custom PermissionEvaluator interface -->
	<!--<bean class="vn.telesaleale.cms.web.security.CustomPermissionEvaluator" id="customPermissionEvaluator"/>-->

	<!-- This is where we configure Spring-Security  -->
	<!--<security:http auto-config="true" use-expressions="true"  access-denied-page="/common/404" >-->
	<!--<security:http auto-config="true" use-expressions="true"  >-->

		<!--&lt;!&ndash;<security:intercept-url pattern="/krams/auth/login" access="permitAll"/>&ndash;&gt;-->

	<!--</security:http>-->

	<!-- http://static.springsource.org/spring-security/site/docs/3.0.x/apidocs/org/springframework/security/access/hierarchicalroles/RoleHierarchyImpl.html -->
	<!--<bean id="roleHierarchy"  class="org.springframework.security.access.hierarchicalroles.RoleHierarchyImpl">-->
		<!--<property name="hierarchy">-->
			<!--<value>-->
				<!--SYS_ADMIN > SYS_MANAGER-->
				<!--SYS_MANAGER > SYS_SUPPORT-->

				<!--SYS_SUPPORT > ORG_ADMIN-->
				<!--ORG_ADMIN > ORG_MANAGER-->
				<!--ORG_MANAGER > ORG_SUPPORT-->
				<!--ORG_SUPPORT > ORG_FINANCE-->

				<!--ORG_FINANCE > AGE_ADMIN-->
				<!--AGE_ADMIN > AGE_MANAGER-->
				<!--AGE_MANAGER > AGE_SUPPORT-->
				<!--AGE_SUPPORT > AGE_FINANCE-->
				<!--AGE_FINANCE > AGE_PAYMENT-->
				<!--AGE_PAYMENT > AGE_TELESALE-->
			<!--</value>-->
		<!--</property>-->
	<!--</bean>-->

</beans>
