<?xml version="1.0" encoding="UTF-8"?>
<beans xmlns="http://www.springframework.org/schema/beans"
       xmlns:xsi="http://www.w3.org/2001/XMLSchema-instance" xmlns:mvc="http://www.springframework.org/schema/mvc"
       xmlns:context="http://www.springframework.org/schema/context"
       xmlns:int="http://www.springframework.org/schema/integration"
       xmlns:task="http://www.springframework.org/schema/task"
       xmlns:security="http://www.springframework.org/schema/security"
       xsi:schemaLocation="http://www.springframework.org/schema/mvc http://www.springframework.org/schema/mvc/spring-mvc.xsd
		http://www.springframework.org/schema/task http://www.springframework.org/schema/task/spring-task.xsd
		http://www.springframework.org/schema/beans http://www.springframework.org/schema/beans/spring-beans.xsd
		http://www.springframework.org/schema/security 	http://www.springframework.org/schema/security/spring-security-4.0.xsd
		http://www.springframework.org/schema/context http://www.springframework.org/schema/context/spring-context.xsd
		http://www.springframework.org/schema/integration http://www.springframework.org/schema/integration/spring-integration.xsd">


    <!-- Loads ACL related configurations -->
    <import resource="applicationContext-acl.xml"/>

    <!-- To enable Method Security Expressions and custom PermissionEvaluator
        we need to add the following -->
    <security:global-method-security pre-post-annotations="enabled" jsr250-annotations="enabled"
                                     secured-annotations="enabled">
        <security:expression-handler ref="expressionHandler"/>
    </security:global-method-security>

    <bean id="expressionHandler"
          class="org.springframework.security.access.expression.method.DefaultMethodSecurityExpressionHandler">
        <property name="permissionEvaluator" ref="customPermissionEvaluator"/>
        <property name="roleHierarchy" ref="roleHierarchy"/>

    </bean>

    <!-- Declare a custom PermissionEvaluator interface -->
    <bean class="vn.telesale.cms.web.security.CustomPermissionEvaluator" id="customPermissionEvaluator"/>

    <bean id="roleHierarchy" class="org.springframework.security.access.hierarchicalroles.RoleHierarchyImpl">
        <property name="hierarchy">
            <value>
            </value>
        </property>
    </bean>
    <beans>
        <int:poller default="true" fixed-delay="100" time-unit="MILLISECONDS"/>
        <bean id="taskExecutor"
              class="org.springframework.scheduling.concurrent.ThreadPoolTaskExecutor">
            <property name="corePoolSize" value="2"/>
            <property name="maxPoolSize" value="10"/>
            <property name="queueCapacity" value="20"/>
        </bean>
        <task:scheduler id="taskScheduler" pool-size="10"/>
    </beans>
    <beans>
        <bean id="CustomerCallStatusScheduled" class="vn.telesale.cms.jobs.scheduled.CustomerCallStatusScheduled"></bean>
        <!--<bean id="CustomerDistributeScheduled" class="vn.telesaleale.cms.jobs.scheduled.CustomerDistributeScheduled"></bean>-->
        <bean id="SendSmsScheduled" class="vn.telesale.cms.jobs.scheduled.SendSmsScheduled"></bean>
        <bean id="ReportSummaryScheduled" class="vn.telesale.cms.jobs.scheduled.ReportSummaryScheduled"></bean>
        <bean id="uploadPath" class="vn.telesale.cms.web.util.UploadPath">
            <property name="path" value="/home/xoso_upload/"/>
            <!-- <property name="path" value="E:\upload\" /> -->
        </bean>
    </beans>



</beans>


