<?xml version="1.0" encoding="UTF-8"?>
<beans xmlns="http://www.springframework.org/schema/beans"
       xmlns:xsi="http://www.w3.org/2001/XMLSchema-instance"
       xmlns:p="http://www.springframework.org/schema/p"
       xmlns:util="http://www.springframework.org/schema/util"
       xsi:schemaLocation="http://www.springframework.org/schema/beans
	   		http://www.springframework.org/schema/beans/spring-beans-3.0.xsd
			http://www.springframework.org/schema/util 
			http://www.springframework.org/schema/util/spring-util-3.0.xsd">

    <!-- Declare a simple map containing all our roles -->
    <!--<import  resource="aclModule/acl-Partner.xml" />-->

    <util:map id="permissionsMap">
        <entry key="SYS_ADMIN" value-ref="SYS_ADMIN"/>
        <entry key="SYS_MANAGER" value-ref="SYS_MANAGER"/>
        <entry key="SYS_SUPPORT" value-ref="SYS_SUPPORT"/>
        <entry key="SYS_FINANCE" value-ref="SYS_FINANCE"/>
        <entry key="SYS_REPORT" value-ref="SYS_REPORT"/>
        <entry key="SYS_BUSINESS" value-ref="SYS_BUSINESS"/>
        <entry key="SMS_CREATE" value-ref="SMS_CREATE"/>
        <entry key="SMS_APPROVAL" value-ref="SMS_APPROVAL"/>

        <entry key="AGE_ADMIN" value-ref="AGE_ADMIN"/>
        <entry key="AGE_MANAGER" value-ref="AGE_MANAGER"/>
        <entry key="AGE_SUPPORT" value-ref="AGE_SUPPORT"/>
        <entry key="AGE_FINANCE" value-ref="AGE_FINANCE"/>
        <entry key="AGE_REPORT" value-ref="AGE_REPORT"/>
        <entry key="AGE_BUSINESS" value-ref="AGE_BUSINESS"/>

        <entry key="ORG_ADMIN" value-ref="ORG_ADMIN"/>
        <entry key="ORG_MANAGER" value-ref="ORG_MANAGER"/>
        <entry key="ORG_SUPPORT" value-ref="ORG_SUPPORT"/>
        <entry key="ORG_FINANCE" value-ref="ORG_FINANCE"/>
        <entry key="ORG_PAYMENT" value-ref="ORG_PAYMENT"/>
        <entry key="ORG_TELESALE" value-ref="ORG_TELESALE"/>
        <entry key="ORG_REPORT" value-ref="ORG_REPORT"/>
    </util:map>


    <!-- Declare permissions for SYS_ADMIN
        Contains a map of objects and their associated allowed actions -->
    <bean id="SYS_ADMIN" class="vn.telesale.cms.web.security.Permission">
        <property name="objects">
            <map>
                <entry key="SMS">
                    <list>
                        <value>INDEX</value>
                        <value>EDIT</value>
                        <value>VIEW</value>
                    </list>
                </entry>
                <!--key="PARTNER" Mapping to Module Control-->
                <entry key="PARTNER">
                    <list>
                        <!--Mapping to RoleRight-->
                        <!--<value>INDEX</value>-->
                        <!--<value>VIEW</value>-->
                        <!--<value>CREATE</value>-->
                        <!--<value>EDIT</value>-->
                        <!--<value>DELETE</value>-->
                        <value>FULL_CONTROL</value>
                    </list>
                </entry>
                <entry key="USER">
                    <list>
                        <!--<value>INDEX</value>-->
                        <!--<value>DELETE</value>-->
                        <!--<value>VIEW</value>-->
                        <!--<value>RESET_PASSWORD</value>-->
                        <value>FULL_CONTROL</value>
                    </list>
                </entry>
                <entry key="CALLER">
                    <list>

                    </list>
                </entry>
                <entry key="ACCOUNT">
                    <list>

                    </list>
                </entry>
                <entry key="INDEX">
                    <list>
                        <value>FULL_CONTROL</value>
                    </list>
                </entry>
                <entry key="HOBBY">
                    <list>
                        <!--<value>FULL_CONTROL</value>-->
                    </list>
                </entry>
                <entry key="SYSPARAM">
                    <list>
                        <value>FULL_CONTROL</value>
                    </list>
                </entry>
                <entry key="RECORD">
                    <list>
                        <value>FULL_CONTROL</value>
                    </list>
                </entry>
                <entry key="ROLE">
                    <list>
                        <value>FULL_CONTROL</value>
                    </list>
                </entry>
                <entry key="PAYMENT">
                    <list>
                        <value>EDIT</value>
                    </list>
                </entry>
                <entry key="REPORT">
                    <list>
                        <value>INDEX</value>
                    </list>
                </entry>
                <entry key="PASSWORD">
                    <list>
                        <value>FULL_CONTROL</value>
                    </list>
                </entry>
                <entry key="BLACKLIST">
                    <list>
                        <value>FULL_CONTROL</value>
                    </list>
                </entry>
                <entry key="CUSTOMER">
                    <list>

                    </list>
                </entry>
                <entry key="MYPARTNER">
                    <list>
                        <value>FULL_CONTROL</value>
                    </list>
                </entry>
                <entry key="COMMON">
                    <list>
                        <value>FULL_CONTROL</value>
                    </list>
                </entry>
                <entry key="UPLOAD">
                    <list>
                        <value>FULL_CONTROL</value>
                    </list>
                </entry>
                <entry key="BRANDNAME">
                    <list>
                        <value>INDEX</value>
                    </list>
                </entry>
            </map>
        </property>
    </bean>

    <bean id="SYS_MANAGER" class="vn.telesale.cms.web.security.Permission">
        <property name="objects">
            <map>
                <!--key="PARTNER" Mapping to Module Control-->
                <entry key="PARTNER">
                    <list>
                        <!--Mapping to RoleRight-->
                        <!--<value>INDEX</value>-->
                        <!--<value>VIEW</value>-->
                        <!--<value>CREATE</value>-->
                        <!--<value>EDIT</value>-->
                        <!--<value>DELETE</value>-->
                        <value>FULL_CONTROL</value>
                    </list>
                </entry>
                <entry key="USER">
                    <list>
                        <value>VIEW</value>
                        <value>EDIT</value>
                    </list>
                </entry>
                <entry key="CALLER">
                    <list>

                    </list>
                </entry>
                <entry key="ACCOUNT">
                    <list>

                    </list>
                </entry>
                <entry key="INDEX">
                    <list>
                        <value>FULL_CONTROL</value>
                    </list>
                </entry>
                <entry key="HOBBY">
                    <list>
                        <value>FULL_CONTROL</value>
                    </list>
                </entry>
                <entry key="SYSPARAM">
                    <list>

                    </list>
                </entry>
                <entry key="RECORD">
                    <list>

                    </list>
                </entry>
                <entry key="ROLE">
                    <list>

                    </list>
                </entry>
                <entry key="PAYMENT">
                    <list>
                        <value>EDIT</value>
                    </list>
                </entry>
                <entry key="REPORT">
                    <list>
                        <value>FULL_CONTROL</value>
                    </list>
                </entry>
                <entry key="PASSWORD">
                    <list>
                        <value>FULL_CONTROL</value>
                    </list>
                </entry>
                <entry key="BLACKLIST">
                    <list>

                    </list>
                </entry>
                <entry key="CUSTOMER">
                    <list>

                    </list>
                </entry>
                <entry key="MYPARTNER">
                    <list>
                        <value>FULL_CONTROL</value>
                    </list>
                </entry>
                <entry key="COMMON">
                    <list>
                        <value>FULL_CONTROL</value>
                    </list>
                </entry>
                <entry key="UPLOAD">
                    <list>
                        <value>FULL_CONTROL</value>
                    </list>
                </entry>
            </map>
        </property>
    </bean>

    <bean id="SYS_SUPPORT" class="vn.telesale.cms.web.security.Permission">
        <property name="objects">
            <map>
                <!--key="PARTNER" Mapping to Module Control-->
                <entry key="PARTNER">
                    <list>

                    </list>
                </entry>
                <entry key="USER">
                    <list>
                        <value>VIEW</value>
                        <value>EDIT</value>
                    </list>
                </entry>
                <entry key="CALLER">
                    <list>

                    </list>
                </entry>
                <entry key="ACCOUNT">
                    <list>

                    </list>
                </entry>
                <entry key="INDEX">
                    <list>
                        <value>FULL_CONTROL</value>
                    </list>
                </entry>
                <entry key="HOBBY">
                    <list>

                    </list>
                </entry>
                <entry key="SYSPARAM">
                    <list>

                    </list>
                </entry>
                <entry key="RECORD">
                    <list>
                        <value>FULL_CONTROL</value>
                    </list>
                </entry>
                <entry key="ROLE">
                    <list>

                    </list>
                </entry>
                <entry key="PAYMENT">
                    <list>

                    </list>
                </entry>
                <entry key="REPORT">
                    <list>

                    </list>
                </entry>
                <entry key="PASSWORD">
                    <list>
                        <value>FULL_CONTROL</value>
                    </list>
                </entry>
                <entry key="BLACKLIST">
                    <list>
                        <value>FULL_CONTROL</value>
                    </list>
                </entry>
                <entry key="CUSTOMER">
                    <list>

                    </list>
                </entry>
                <entry key="MYPARTNER">
                    <list>
                        <value>FULL_CONTROL</value>
                    </list>
                </entry>
                <entry key="COMMON">
                    <list>
                        <value>FULL_CONTROL</value>
                    </list>
                </entry>
                <entry key="UPLOAD">
                    <list>
                        <value>FULL_CONTROL</value>
                    </list>
                </entry>
            </map>
        </property>
    </bean>

    <bean id="SYS_FINANCE" class="vn.telesale.cms.web.security.Permission">
        <property name="objects">
            <map>
                <!--key="PARTNER" Mapping to Module Control-->
                <entry key="PARTNER">
                    <list>

                    </list>
                </entry>
                <entry key="USER">
                    <list>
                        <value>VIEW</value>
                        <value>EDIT</value>
                    </list>
                </entry>
                <entry key="CALLER">
                    <list>

                    </list>
                </entry>
                <entry key="ACCOUNT">
                    <list>

                    </list>
                </entry>
                <entry key="INDEX">
                    <list>
                        <value>FULL_CONTROL</value>
                    </list>
                </entry>
                <entry key="HOBBY">
                    <list>

                    </list>
                </entry>
                <entry key="SYSPARAM">
                    <list>

                    </list>
                </entry>
                <entry key="RECORD">
                    <list>

                    </list>
                </entry>
                <entry key="ROLE">
                    <list>

                    </list>
                </entry>
                <entry key="PAYMENT">
                    <list>
                        <value>EDIT</value>
                    </list>
                </entry>
                <entry key="REPORT">
                    <list>

                    </list>
                </entry>
                <entry key="PASSWORD">
                    <list>
                        <value>FULL_CONTROL</value>
                    </list>
                </entry>
                <entry key="BLACKLIST">
                    <list>

                    </list>
                </entry>
                <entry key="CUSTOMER">
                    <list>

                    </list>
                </entry>
                <entry key="MYPARTNER">
                    <list>

                    </list>
                </entry>
                <entry key="COMMON">
                    <list>
                        <value>FULL_CONTROL</value>
                    </list>
                </entry>
                <entry key="UPLOAD">
                    <list>
                        <value>FULL_CONTROL</value>
                    </list>
                </entry>
            </map>
        </property>
    </bean>

    <bean id="SYS_REPORT" class="vn.telesale.cms.web.security.Permission">
        <property name="objects">
            <map>
                <entry key="PARTNER">
                    <list>
                    </list>
                </entry>
                <entry key="USER">
                    <list>
                        <value>VIEW</value>
                        <value>EDIT</value>
                    </list>
                </entry>
                <entry key="CALLER">
                    <list>

                    </list>
                </entry>
                <entry key="ACCOUNT">
                    <list>

                    </list>
                </entry>
                <entry key="INDEX">
                    <list>
                        <value>FULL_CONTROL</value>
                    </list>
                </entry>
                <entry key="HOBBY">
                    <list>

                    </list>
                </entry>
                <entry key="SYSPARAM">
                    <list>

                    </list>
                </entry>
                <entry key="RECORD">
                    <list>

                    </list>
                </entry>
                <entry key="ROLE">
                    <list>

                    </list>
                </entry>
                <entry key="PAYMENT">
                    <list>
                        <value>INDEX</value>
                    </list>
                </entry>
                <entry key="REPORT">
                    <list>
                        <value>FULL_CONTROL</value>
                    </list>
                </entry>
                <entry key="PASSWORD">
                    <list>
                        <value>FULL_CONTROL</value>
                    </list>
                </entry>
                <entry key="BLACKLIST">
                    <list>

                    </list>
                </entry>
                <entry key="CUSTOMER">
                    <list>

                    </list>
                </entry>
                <entry key="MYPARTNER">
                    <list>

                    </list>
                </entry>
                <entry key="COMMON">
                    <list>
                        <value>FULL_CONTROL</value>
                    </list>
                </entry>
                <entry key="UPLOAD">
                    <list>
                    </list>
                </entry>
            </map>
        </property>
    </bean>

    <bean id="SYS_BUSINESS" class="vn.telesale.cms.web.security.Permission">
        <property name="objects">
            <map>
                <!--key="PARTNER" Mapping to Module Control-->
                <entry key="PARTNER">
                    <list>
                        <value>FULL_CONTROL</value>
                    </list>
                </entry>
                <entry key="USER">
                    <list>
                        <value>FULL_CONTROL</value>
                    </list>
                </entry>
                <entry key="CALLER">
                    <list>

                    </list>
                </entry>
                <entry key="ACCOUNT">
                    <list>

                    </list>
                </entry>
                <entry key="INDEX">
                    <list>
                        <value>FULL_CONTROL</value>
                    </list>
                </entry>
                <entry key="HOBBY">
                    <list>
                        <value>FULL_CONTROL</value>
                    </list>
                </entry>
                <entry key="SYSPARAM">
                    <list>

                    </list>
                </entry>
                <entry key="RECORD">
                    <list>
                        <value>FULL_CONTROL</value>
                    </list>
                </entry>
                <entry key="ROLE">
                    <list>

                    </list>
                </entry>
                <entry key="PAYMENT">
                    <list>
                        <value>CREATE</value>
                        <value>INDEX</value>
                        <value>VIEW</value>
                    </list>
                </entry>
                <entry key="REPORT">
                    <list>
                        <value>FULL_CONTROL</value>
                    </list>
                </entry>
                <entry key="PASSWORD">
                    <list>
                        <value>FULL_CONTROL</value>
                    </list>
                </entry>
                <entry key="BLACKLIST">
                    <list>
                        <value>FULL_CONTROL</value>
                    </list>
                </entry>
                <entry key="CUSTOMER">
                    <list>

                    </list>
                </entry>
                <entry key="MYPARTNER">
                    <list>
                        <value>FULL_CONTROL</value>
                    </list>
                </entry>
                <entry key="COMMON">
                    <list>
                        <value>FULL_CONTROL</value>
                    </list>
                </entry>
                <entry key="UPLOAD">
                    <list>
                        <value>FULL_CONTROL</value>
                    </list>
                </entry>
            </map>
        </property>
    </bean>

    <bean id="SMS_CREATE" class="vn.telesale.cms.web.security.Permission">
        <property name="objects">
            <map>
                <entry key="SMS">
                    <list>
                        <value>FULL_CONTROL</value>
                    </list>
                </entry>
                <!--key="PARTNER" Mapping to Module Control-->
                <entry key="PARTNER">
                    <list>
                    </list>
                </entry>
                <entry key="USER">
                    <list>
                        <value>VIEW</value>
                        <value>EDIT</value>
                    </list>
                </entry>
                <entry key="CALLER">
                    <list>

                    </list>
                </entry>
                <entry key="ACCOUNT">
                    <list>

                    </list>
                </entry>
                <entry key="INDEX">
                    <list>
                        <value>FULL_CONTROL</value>
                    </list>
                </entry>
                <entry key="HOBBY">
                    <list>
                    </list>
                </entry>
                <entry key="SYSPARAM">
                    <list>

                    </list>
                </entry>
                <entry key="RECORD">
                    <list>
                    </list>
                </entry>
                <entry key="ROLE">
                    <list>

                    </list>
                </entry>
                <entry key="PAYMENT">
                    <list>
                    </list>
                </entry>
                <entry key="REPORT">
                    <list>
                    </list>
                </entry>
                <entry key="PASSWORD">
                    <list>
                        <value>FULL_CONTROL</value>
                    </list>
                </entry>
                <entry key="BLACKLIST">
                    <list>
                    </list>
                </entry>
                <entry key="CUSTOMER">
                    <list>
                        <!--<value>INDEX</value>-->
                    </list>
                </entry>
                <entry key="MYPARTNER">
                    <list>
                    </list>
                </entry>
                <entry key="COMMON">
                    <list>
                        <value>FULL_CONTROL</value>
                    </list>
                </entry>
                <entry key="UPLOAD">
                    <list>
                    </list>
                </entry>
            </map>
        </property>
    </bean>

    <bean id="SMS_APPROVAL" class="vn.telesale.cms.web.security.Permission">
        <property name="objects">
            <map>
                <entry key="SMS">
                    <list>
                        <value>INDEX</value>
                        <value>EDIT</value>
                    </list>
                </entry>
                <!--key="PARTNER" Mapping to Module Control-->
                <entry key="PARTNER">
                    <list>
                    </list>
                </entry>
                <entry key="USER">
                    <list>
                        <value>VIEW</value>
                        <value>EDIT</value>
                    </list>
                </entry>
                <entry key="CALLER">
                    <list>

                    </list>
                </entry>
                <entry key="ACCOUNT">
                    <list>

                    </list>
                </entry>
                <entry key="INDEX">
                    <list>
                        <value>FULL_CONTROL</value>
                    </list>
                </entry>
                <entry key="HOBBY">
                    <list>
                    </list>
                </entry>
                <entry key="SYSPARAM">
                    <list>

                    </list>
                </entry>
                <entry key="RECORD">
                    <list>
                    </list>
                </entry>
                <entry key="ROLE">
                    <list>

                    </list>
                </entry>
                <entry key="PAYMENT">
                    <list>
                    </list>
                </entry>
                <entry key="REPORT">
                    <list>
                    </list>
                </entry>
                <entry key="PASSWORD">
                    <list>
                        <value>FULL_CONTROL</value>
                    </list>
                </entry>
                <entry key="BLACKLIST">
                    <list>
                    </list>
                </entry>
                <entry key="CUSTOMER">
                    <list>

                    </list>
                </entry>
                <entry key="MYPARTNER">
                    <list>
                    </list>
                </entry>
                <entry key="COMMON">
                    <list>
                        <value>FULL_CONTROL</value>
                    </list>
                </entry>
                <entry key="UPLOAD">
                    <list>
                    </list>
                </entry>
            </map>
        </property>
    </bean>



    <!-- Declare permissions for AGENCY
    Contains a map of objects and their associated allowed actions -->

    <bean id="AGE_ADMIN" class="vn.telesale.cms.web.security.Permission">
        <property name="objects">
            <map>
                <!--key="PARTNER" Mapping to Module Control-->
                <entry key="SMS">
                    <list>
                        <value>REPORT_SMS</value>
                        <value>INDEX</value>
                    </list>
                </entry>
                <entry key="PARTNER">
                    <list>
                        <value>FULL_CONTROL</value>
                    </list>
                </entry>
                <entry key="USER">
                    <list>
                        <value>FULL_CONTROL</value>
                    </list>
                </entry>
                <entry key="CALLER">
                    <list>

                    </list>
                </entry>
                <entry key="ACCOUNT">
                    <list>

                    </list>
                </entry>
                <entry key="INDEX">
                    <list>
                        <value>FULL_CONTROL</value>
                    </list>
                </entry>
<!--                <entry key="HOBBY">-->
<!--                    <list>-->
<!--                        <value>FULL_CONTROL</value>-->
<!--                    </list>-->
<!--                </entry>-->
<!--                <entry key="SYSPARAM">-->
<!--                    <list>-->
<!--                        <value>FULL_CONTROL</value>-->
<!--                    </list>-->
<!--                </entry>-->
                <entry key="RECORD">
                    <list>
                        <value>FULL_CONTROL</value>
                    </list>
                </entry>
                <entry key="ROLE">
                    <list>

                    </list>
                </entry>
                <entry key="PAYMENT">
                    <list>
                        <value>CREATE</value>
                        <value>INDEX</value>
                        <value>VIEW</value>
                        <value>TRANFER</value>
                        <value>CONSIDER</value>
                    </list>
                </entry>
                <entry key="REPORT">
                    <list>
                        <value>FULL_CONTROL</value>
                    </list>
                </entry>
                <entry key="PASSWORD">
                    <list>
                        <value>FULL_CONTROL</value>
                    </list>
                </entry>
                <entry key="BLACKLIST">
                    <list>
                        <value>FULL_CONTROL</value>
                    </list>
                </entry>
                <entry key="CUSTOMER">
                    <list>
                        <value>FULL_CONTROL</value>
                    </list>
                </entry>
                <entry key="MYPARTNER">
                    <list>
                        <value>FULL_CONTROL</value>
                    </list>
                </entry>
                <entry key="COMMON">
                    <list>
                        <value>FULL_CONTROL</value>
                    </list>
                </entry>
                <entry key="UPLOAD">
                    <list>
                        <value>FULL_CONTROL</value>
                    </list>
                </entry>
                <entry key="BRANDNAME">
                    <list>
                        <value>CREATE</value>
                    </list>
                </entry>
                <entry key="UTILITY">
                    <list>
                        <value>FULL_CONTROL</value>
                    </list>
                </entry>
            </map>
        </property>
    </bean>

    <bean id="AGE_MANAGER" class="vn.telesale.cms.web.security.Permission">
        <property name="objects">
            <map>
                <!--key="PARTNER" Mapping to Module Control-->
                <entry key="PARTNER">
                    <list>
                        <value>FULL_CONTROL</value>
                    </list>
                </entry>
                <entry key="USER">
                    <list>
                        <value>FULL_CONTROL</value>
                    </list>
                </entry>
                <entry key="CALLER">
                    <list>

                    </list>
                </entry>
                <entry key="ACCOUNT">
                    <list>

                    </list>
                </entry>
                <entry key="INDEX">
                    <list>
                        <value>FULL_CONTROL</value>
                    </list>
                </entry>
                <entry key="HOBBY">
                    <list>

                    </list>
                </entry>
                <entry key="SYSPARAM">
                    <list>

                    </list>
                </entry>
                <entry key="RECORD">
                    <list>
                        <value>FULL_CONTROL</value>
                    </list>
                </entry>
                <entry key="ROLE">
                    <list>

                    </list>
                </entry>
                <entry key="PAYMENT">
                    <list>
                        <value>CREATE</value>
                        <value>INDEX</value>
                        <value>TRANFER</value>
                    </list>
                </entry>
                <entry key="REPORT">
                    <list>

                    </list>
                </entry>
                <entry key="PASSWORD">
                    <list>
                        <value>FULL_CONTROL</value>
                    </list>
                </entry>
                <entry key="BLACKLIST">
                    <list>
                        <value>FULL_CONTROL</value>
                    </list>
                </entry>
                <entry key="CUSTOMER">
                    <list>
                        <value>FULL_CONTROL</value>
                    </list>
                </entry>
                <entry key="MYPARTNER">
                    <list>
                        <value>FULL_CONTROL</value>
                    </list>
                </entry>
                <entry key="COMMON">
                    <list>
                        <value>FULL_CONTROL</value>
                    </list>
                </entry>
                <entry key="UPLOAD">
                    <list>
                        <value>FULL_CONTROL</value>
                    </list>
                </entry>
            </map>
        </property>
    </bean>

    <bean id="AGE_SUPPORT" class="vn.telesale.cms.web.security.Permission">
        <property name="objects">
            <map>
                <!--key="PARTNER" Mapping to Module Control-->
                <entry key="PARTNER">
                    <list>

                    </list>
                </entry>
                <entry key="USER">
                    <list>
                        <value>VIEW</value>
                        <value>EDIT</value>
                    </list>
                </entry>
                <entry key="CALLER">
                    <list>

                    </list>
                </entry>
                <entry key="ACCOUNT">
                    <list>

                    </list>
                </entry>
                <entry key="INDEX">
                    <list>
                        <value>FULL_CONTROL</value>
                    </list>
                </entry>
                <entry key="HOBBY">
                    <list>

                    </list>
                </entry>
                <entry key="SYSPARAM">
                    <list>

                    </list>
                </entry>
                <entry key="RECORD">
                    <list>
                        <value>FULL_CONTROL</value>
                    </list>
                </entry>
                <entry key="ROLE">
                    <list>

                    </list>
                </entry>
                <entry key="PAYMENT">
                    <list>

                    </list>
                </entry>
                <entry key="REPORT">
                    <list>

                    </list>
                </entry>
                <entry key="PASSWORD">
                    <list>
                        <value>FULL_CONTROL</value>
                    </list>
                </entry>
                <entry key="BLACKLIST">
                    <list>
                        <value>FULL_CONTROL</value>
                    </list>
                </entry>
                <entry key="CUSTOMER">
                    <list>
                        <value>FULL_CONTROL</value>
                    </list>
                </entry>
                <entry key="MYPARTNER">
                    <list>
                        <value>FULL_CONTROL</value>
                    </list>
                </entry>
                <entry key="COMMON">
                    <list>
                        <value>FULL_CONTROL</value>
                    </list>
                </entry>
                <entry key="UPLOAD">
                    <list>
                        <value>FULL_CONTROL</value>
                    </list>
                </entry>
            </map>
        </property>
    </bean>

    <bean id="AGE_FINANCE" class="vn.telesale.cms.web.security.Permission">
        <property name="objects">
            <map>
                <entry key="SMS">
                    <list>
                        <value>INDEX</value>
                    </list>
                </entry>
                <!--key="PARTNER" Mapping to Module Control-->
                <entry key="PARTNER">
                    <list>

                    </list>
                </entry>
                <entry key="USER">
                    <list>
                        <value>VIEW</value>
                        <value>EDIT</value>
                    </list>
                </entry>
                <entry key="CALLER">
                    <list>

                    </list>
                </entry>
                <entry key="ACCOUNT">
                    <list>

                    </list>
                </entry>
                <entry key="INDEX">
                    <list>
                        <value>FULL_CONTROL</value>
                    </list>
                </entry>
                <entry key="HOBBY">
                    <list>

                    </list>
                </entry>
                <entry key="SYSPARAM">
                    <list>

                    </list>
                </entry>
                <entry key="RECORD">
                    <list>

                    </list>
                </entry>
                <entry key="ROLE">
                    <list>

                    </list>
                </entry>
                <entry key="PAYMENT">
                    <list>
                        <value>CREATE</value>
                        <value>VIEW</value>
                        <value>TRANFER</value>
                        <value>CONSIDER</value>
                    </list>
                </entry>
                <entry key="REPORT">
                    <list>
                        <value>FULL_CONTROL</value>
                    </list>
                </entry>
                <entry key="PASSWORD">
                    <list>
                        <value>FULL_CONTROL</value>
                    </list>
                </entry>
                <entry key="BLACKLIST">
                    <list>

                    </list>
                </entry>
                <entry key="CUSTOMER">
                    <list>

                    </list>
                </entry>
                <entry key="MYPARTNER">
                    <list>
                        <value>FULL_CONTROL</value>
                    </list>
                </entry>
                <entry key="COMMON">
                    <list>
                        <value>FULL_CONTROL</value>
                    </list>
                </entry>
                <entry key="UPLOAD">
                    <list>
                        <value>FULL_CONTROL</value>
                    </list>
                </entry>
            </map>
        </property>
    </bean>

    <bean id="AGE_REPORT" class="vn.telesale.cms.web.security.Permission">
        <property name="objects">
            <map>
                <!--key="PARTNER" Mapping to Module Control-->
                <entry key="PARTNER">
                    <list>

                    </list>
                </entry>
                <entry key="USER">
                    <list>
                        <value>VIEW</value>
                        <value>EDIT</value>
                    </list>
                </entry>
                <entry key="CALLER">
                    <list>

                    </list>
                </entry>
                <entry key="ACCOUNT">
                    <list>

                    </list>
                </entry>
                <entry key="INDEX">
                    <list>
                        <value>FULL_CONTROL</value>
                    </list>
                </entry>
                <entry key="HOBBY">
                    <list>

                    </list>
                </entry>
                <entry key="SYSPARAM">
                    <list>

                    </list>
                </entry>
                <entry key="RECORD">
                    <list>
                        <value>FULL_CONTROL</value>
                    </list>
                </entry>
                <entry key="ROLE">
                    <list>

                    </list>
                </entry>
                <entry key="PAYMENT">
                    <list>

                    </list>
                </entry>
                <entry key="REPORT">
                    <list>
                        <value>FULL_CONTROL</value>
                    </list>
                </entry>
                <entry key="PASSWORD">
                    <list>
                        <value>FULL_CONTROL</value>
                    </list>
                </entry>
                <entry key="BLACKLIST">
                    <list>
                        <value>FULL_CONTROL</value>
                    </list>
                </entry>
                <entry key="CUSTOMER">
                    <list>
                        <value>FULL_CONTROL</value>
                    </list>
                </entry>
                <entry key="MYPARTNER">
                    <list>
                        <value>FULL_CONTROL</value>
                    </list>
                </entry>
                <entry key="COMMON">
                    <list>
                        <value>FULL_CONTROL</value>
                    </list>
                </entry>
                <entry key="UPLOAD">
                    <list>
                    </list>
                </entry>
            </map>
        </property>
    </bean>


    <bean id="AGE_BUSINESS" class="vn.telesale.cms.web.security.Permission">
        <property name="objects">
            <map>
                <!--key="PARTNER" Mapping to Module Control-->
                <entry key="PARTNER">
                    <list>
                        <value>FULL_CONTROL</value>
                    </list>
                </entry>
                <entry key="USER">
                    <list>
                        <value>FULL_CONTROL</value>
                    </list>
                </entry>
                <entry key="CALLER">
                    <list>

                    </list>
                </entry>
                <entry key="ACCOUNT">
                    <list>

                    </list>
                </entry>
                <entry key="INDEX">
                    <list>
                        <value>FULL_CONTROL</value>
                    </list>
                </entry>
                <entry key="HOBBY">
                    <list>
                        <value>FULL_CONTROL</value>
                    </list>
                </entry>
                <entry key="SYSPARAM">
                    <list>

                    </list>
                </entry>
                <entry key="RECORD">
                    <list>
                        <value>FULL_CONTROL</value>
                    </list>
                </entry>
                <entry key="ROLE">
                    <list>

                    </list>
                </entry>
                <entry key="PAYMENT">
                    <list>
                        <value>INDEX</value>
                    </list>
                </entry>
                <entry key="REPORT">
                    <list>
                        <value>FULL_CONTROL</value>
                    </list>
                </entry>
                <entry key="PASSWORD">
                    <list>
                        <value>FULL_CONTROL</value>
                    </list>
                </entry>
                <entry key="BLACKLIST">
                    <list>
                        <value>FULL_CONTROL</value>
                    </list>
                </entry>
                <entry key="CUSTOMER">
                    <list>
                    </list>
                </entry>
                <entry key="MYPARTNER">
                    <list>
                        <value>FULL_CONTROL</value>
                    </list>
                </entry>
                <entry key="COMMON">
                    <list>
                        <value>FULL_CONTROL</value>
                    </list>
                </entry>
                <entry key="UPLOAD">
                    <list>
                        <value>FULL_CONTROL</value>
                    </list>
                </entry>
                <entry key="SMS">
                    <list>
                        <value>INDEX</value>
                    </list>
                </entry>
                <entry key="BRANDNAME">
                    <list>
                        <value>CREATE</value>
                    </list>
                </entry>
            </map>
        </property>
    </bean>

    <!-- Declare permissions for ORG_ADMIN
        Contains a map of objects and their associated allowed actions -->
    <bean id="ORG_ADMIN" class="vn.telesale.cms.web.security.Permission">
        <property name="objects">
            <map>
                <entry key="SMS">
                    <list>
                        <value>REPORT_SMS</value>
                        <value>INDEX</value>
                    </list>
                </entry>
                <!--key="PARTNER" Mapping to Module Control-->
                <entry key="PARTNER">
                    <list>

                    </list>
                </entry>
                <entry key="USER">
                    <list>
                        <value>FULL_CONTROL</value>
                    </list>
                </entry>
                <entry key="CALLER">
                    <list>
                        <value>FULL_CONTROL</value>
                    </list>
                </entry>
                <entry key="ACCOUNT">
                    <list>
                        <value>FULL_CONTROL</value>
                    </list>
                </entry>
                <entry key="INDEX">
                    <list>
                        <value>FULL_CONTROL</value>
                    </list>
                </entry>
                <entry key="HOBBY">
                    <list>

                    </list>
                </entry>
                <entry key="SYSPARAM">
                    <list>

                    </list>
                </entry>
                <entry key="RECORD">
                    <list>
                        <value>FULL_CONTROL</value>
                    </list>
                </entry>
                <entry key="ROLE">
                    <list>

                    </list>
                </entry>
                <entry key="PAYMENT">
                    <list>
                        <value>INDEX</value>
                        <value>VIEW</value>
                        <value>REFUN</value>
                    </list>
                </entry>
                <entry key="REPORT">
                    <list>
                        <value>INDEX</value>
                        <value>SMS</value>
                        <value>HOUR</value>
                    </list>
                </entry>
                <entry key="PASSWORD">
                    <list>
                        <value>FULL_CONTROL</value>
                    </list>
                </entry>
                <entry key="BLACKLIST">
                    <list>
                        <value>FULL_CONTROL</value>
                    </list>
                </entry>
<!--                <entry key="CUSTOMER">-->
<!--                    <list>-->
<!--                        <value>FULL_CONTROL</value>-->
<!--                    </list>-->
<!--                </entry>-->
                <entry key="MYPARTNER">
                    <list>
                        <value>FULL_CONTROL</value>
                    </list>
                </entry>
                <entry key="COMMON">
                    <list>
                        <value>FULL_CONTROL</value>
                    </list>
                </entry>
                <entry key="UPLOAD">
                    <list>
                        <value>FULL_CONTROL</value>
                    </list>
                </entry>
                <entry key="BRANDNAME">
                    <list>
                        <value>VIEW</value>
                    </list>
                </entry>
                <entry key="UTILITY">
                    <list>

                    </list>
                </entry>
            </map>
        </property>
    </bean>

    <bean id="ORG_MANAGER" class="vn.telesale.cms.web.security.Permission">
        <property name="objects">
            <map>
                <!--key="PARTNER" Mapping to Module Control-->
                <entry key="PARTNER">
                    <list>

                    </list>
                </entry>
                <entry key="USER">
                    <list>
                        <value>FULL_CONTROL</value>
                    </list>
                </entry>
                <entry key="CALLER">
                    <list>
                        <value>FULL_CONTROL</value>
                    </list>
                </entry>
                <entry key="ACCOUNT">
                    <list>
                        <value>FULL_CONTROL</value>
                    </list>
                </entry>
                <entry key="INDEX">
                    <list>
                        <value>FULL_CONTROL</value>
                    </list>
                </entry>
                <entry key="HOBBY">
                    <list>

                    </list>
                </entry>
                <entry key="SYSPARAM">
                    <list>

                    </list>
                </entry>
                <entry key="RECORD">
                    <list>
                        <value>FULL_CONTROL</value>
                    </list>
                </entry>
                <entry key="ROLE">
                    <list>

                    </list>
                </entry>
                <entry key="PAYMENT">
                    <list>
                        <value>INDEX</value>
                        <value>VIEW</value>
                    </list>
                </entry>
                <entry key="REPORT">
                    <list>
                        <value>FULL_CONTROL</value>
                    </list>
                </entry>
                <entry key="PASSWORD">
                    <list>
                        <value>FULL_CONTROL</value>
                    </list>
                </entry>
                <entry key="BLACKLIST">
                    <list>
                        <value>FULL_CONTROL</value>
                    </list>
                </entry>
                <entry key="CUSTOMER">
                    <list>
                        <value>FULL_CONTROL</value>
                    </list>
                </entry>
                <entry key="MYPARTNER">
                    <list>
                        <value>FULL_CONTROL</value>
                    </list>
                </entry>
                <entry key="COMMON">
                    <list>
                        <value>FULL_CONTROL</value>
                    </list>
                </entry>
                <entry key="UPLOAD">
                    <list>
                        <value>FULL_CONTROL</value>
                    </list>
                </entry>
            </map>
        </property>
    </bean>

    <bean id="ORG_SUPPORT" class="vn.telesale.cms.web.security.Permission">
        <property name="objects">
            <map>
                <!--key="PARTNER" Mapping to Module Control-->
                <entry key="PARTNER">
                    <list>

                    </list>
                </entry>
                <entry key="USER">
                    <list>
                        <value>VIEW</value>
                        <value>EDIT</value>
                    </list>
                </entry>
                <entry key="CALLER">
                    <list>

                    </list>
                </entry>
                <entry key="ACCOUNT">
                    <list>

                    </list>
                </entry>
                <entry key="INDEX">
                    <list>
                        <value>FULL_CONTROL</value>
                    </list>
                </entry>
                <entry key="HOBBY">
                    <list>

                    </list>
                </entry>
                <entry key="SYSPARAM">
                    <list>

                    </list>
                </entry>
                <entry key="RECORD">
                    <list>
                        <value>FULL_CONTROL</value>
                    </list>
                </entry>
                <entry key="ROLE">
                    <list>

                    </list>
                </entry>
                <entry key="PAYMENT">
                    <list>

                    </list>
                </entry>
                <entry key="REPORT">
                    <list>

                    </list>
                </entry>
                <entry key="PASSWORD">
                    <list>
                        <value>FULL_CONTROL</value>
                    </list>
                </entry>
                <entry key="BLACKLIST">
                    <list>
                        <value>FULL_CONTROL</value>
                    </list>
                </entry>
                <entry key="CUSTOMER">
                    <list>
                        <value>FULL_CONTROL</value>
                    </list>
                </entry>
                <entry key="MYPARTNER">
                    <list>
                        <value>FULL_CONTROL</value>
                    </list>
                </entry>
                <entry key="COMMON">
                    <list>
                        <value>FULL_CONTROL</value>
                    </list>
                </entry>
                <entry key="UPLOAD">
                    <list>
                        <value>FULL_CONTROL</value>
                    </list>
                </entry>
            </map>
        </property>
    </bean>

    <bean id="ORG_FINANCE" class="vn.telesale.cms.web.security.Permission">
        <property name="objects">
            <map>
                <!--key="PARTNER" Mapping to Module Control-->
                <entry key="PARTNER">
                    <list>

                    </list>
                </entry>
                <entry key="USER">
                    <list>
                        <value>VIEW</value>
                        <value>EDIT</value>
                    </list>
                </entry>
                <entry key="CALLER">
                    <list>

                    </list>
                </entry>
                <entry key="ACCOUNT">
                    <list>

                    </list>
                </entry>
                <entry key="INDEX">
                    <list>
                        <value>FULL_CONTROL</value>
                    </list>
                </entry>
                <entry key="HOBBY">
                    <list>

                    </list>
                </entry>
                <entry key="SYSPARAM">
                    <list>

                    </list>
                </entry>
                <entry key="RECORD">
                    <list>
                        <value>FULL_CONTROL</value>
                    </list>
                </entry>
                <entry key="ROLE">
                    <list>

                    </list>
                </entry>
                <entry key="PAYMENT">
                    <list>
                        <value>INDEX</value>
                        <value>VIEW</value>
                    </list>
                </entry>
                <entry key="REPORT">
                    <list>

                    </list>
                </entry>
                <entry key="PASSWORD">
                    <list>
                        <value>FULL_CONTROL</value>
                    </list>
                </entry>
                <entry key="BLACKLIST">
                    <list>
                        <value>FULL_CONTROL</value>
                    </list>
                </entry>
                <entry key="CUSTOMER">
                    <list>

                    </list>
                </entry>
                <entry key="MYPARTNER">
                    <list>
                        <value>FULL_CONTROL</value>
                    </list>
                </entry>
                <entry key="COMMON">
                    <list>
                        <value>FULL_CONTROL</value>
                    </list>
                </entry>
                <entry key="UPLOAD">
                    <list>
                        <value>FULL_CONTROL</value>
                    </list>
                </entry>
            </map>
        </property>
    </bean>

    <bean id="ORG_PAYMENT" class="vn.telesale.cms.web.security.Permission">
        <property name="objects">
            <map>
                <!--key="PARTNER" Mapping to Module Control-->
                <entry key="PARTNER">
                    <list>

                    </list>
                </entry>
                <entry key="USER">
                    <list>
                        <value>VIEW</value>
                        <value>EDIT</value>
                    </list>
                </entry>
                <entry key="CALLER">
                    <list>

                    </list>
                </entry>
                <entry key="ACCOUNT">
                    <list>

                    </list>
                </entry>
                <entry key="INDEX">
                    <list>
                        <value>FULL_CONTROL</value>
                    </list>
                </entry>
                <entry key="HOBBY">
                    <list>

                    </list>
                </entry>
                <entry key="SYSPARAM">
                    <list>

                    </list>
                </entry>
                <entry key="RECORD">
                    <list>

                    </list>
                </entry>
                <entry key="ROLE">
                    <list>

                    </list>
                </entry>
                <entry key="PAYMENT">
                    <list>
                        <value>INDEX</value>
                        <value>VIEW</value>
                    </list>
                </entry>
                <entry key="REPORT">
                    <list>
                        <value>FULL_CONTROL</value>
                    </list>
                </entry>
                <entry key="PASSWORD">
                    <list>
                        <value>FULL_CONTROL</value>
                    </list>
                </entry>
                <entry key="BLACKLIST">
                    <list>

                    </list>
                </entry>
                <entry key="CUSTOMER">
                    <list>

                    </list>
                </entry>
                <entry key="MYPARTNER">
                    <list>
                        <value>FULL_CONTROL</value>
                    </list>
                </entry>
                <entry key="COMMON">
                    <list>
                        <value>FULL_CONTROL</value>
                    </list>
                </entry>
                <entry key="UPLOAD">
                    <list>
                        <value>FULL_CONTROL</value>
                    </list>
                </entry>
            </map>
        </property>
    </bean>

    <bean id="ORG_TELESALE" class="vn.telesale.cms.web.security.Permission">
        <property name="objects">
            <map>
                <!--key="PARTNER" Mapping to Module Control-->
                <entry key="PARTNER">
                    <list>

                    </list>
                </entry>
                <entry key="USER">
                    <list>
                        <value>VIEW</value>
                        <value>EDIT</value>
                    </list>
                </entry>
                <entry key="CALLER">
                    <list>

                    </list>
                </entry>
                <entry key="ACCOUNT">
                    <list>

                    </list>
                </entry>
                <entry key="INDEX">
                    <list>
                        <value>FULL_CONTROL</value>
                    </list>
                </entry>
                <entry key="HOBBY">
                    <list>

                    </list>
                </entry>
                <entry key="SYSPARAM">
                    <list>

                    </list>
                </entry>
                <entry key="RECORD">
                    <list>
                        <value>INDEX</value>
                    </list>
                </entry>
                <entry key="ROLE">
                    <list>

                    </list>
                </entry>
                <entry key="PAYMENT">
                    <list>

                    </list>
                </entry>
                <entry key="REPORT">
                    <list>

                    </list>
                </entry>
                <entry key="PASSWORD">
                    <list>
                        <value>FULL_CONTROL</value>
                    </list>
                </entry>
                <entry key="BLACKLIST">
                    <list>

                    </list>
                </entry>
                <entry key="CUSTOMER">
                    <list>
                        <value>FULL_CONTROL</value>
                    </list>
                </entry>
                <entry key="MYPARTNER">
                    <list>
                        <value>FULL_CONTROL</value>
                    </list>
                </entry>
                <entry key="COMMON">
                    <list>
                        <value>FULL_CONTROL</value>
                    </list>
                </entry>
                <entry key="UPLOAD">
                    <list>
                        <value>FULL_CONTROL</value>
                    </list>
                </entry>
                <entry key="CALLED">
                    <list>
                        <value>FULL_CONTROL</value>
                    </list>
                </entry>
            </map>
        </property>
    </bean>

    <bean id="ORG_REPORT" class="vn.telesale.cms.web.security.Permission">
        <property name="objects">
            <map>
                <!--key="PARTNER" Mapping to Module Control-->
                <entry key="PARTNER">
                    <list>

                    </list>
                </entry>
                <entry key="USER">
                    <list>
                        <value>VIEW</value>
                        <value>EDIT</value>
                    </list>
                </entry>
                <entry key="CALLER">
                    <list>
                    </list>
                </entry>
                <entry key="ACCOUNT">
                    <list>
                    </list>
                </entry>
                <entry key="INDEX">
                    <list>
                        <value>FULL_CONTROL</value>
                    </list>
                </entry>
                <entry key="HOBBY">
                    <list>

                    </list>
                </entry>
                <entry key="SYSPARAM">
                    <list>

                    </list>
                </entry>
                <entry key="RECORD">
                    <list>
                        <value>FULL_CONTROL</value>
                    </list>
                </entry>
                <entry key="ROLE">
                    <list>

                    </list>
                </entry>
                <entry key="PAYMENT">
                    <list>
                    </list>
                </entry>
                <entry key="REPORT">
                    <list>
                        <value>FULL_CONTROL</value>
                    </list>
                </entry>
                <entry key="PASSWORD">
                    <list>
                        <value>FULL_CONTROL</value>
                    </list>
                </entry>
                <entry key="BLACKLIST">
                    <list>
                        <value>FULL_CONTROL</value>
                    </list>
                </entry>
                <entry key="CUSTOMER">
                    <list>
                    </list>
                </entry>
                <entry key="MYPARTNER">
                    <list>
                    </list>
                </entry>
                <entry key="COMMON">
                    <list>
                        <value>FULL_CONTROL</value>
                    </list>
                </entry>
                <entry key="UPLOAD">
                    <list>
                    </list>
                </entry>
            </map>
        </property>
    </bean>


</beans>