{
  "threads": [
    {
      "id": "ProcessAccessURL001",
      "order": 1,
      "name": "Process AccessURL 001",
      "className": "vn.telesale.admin.web.thread.ProcessAccessUrl",
      "autoStart": true,
      "delayTime": 160,
      "params": {
        "customer-expired-by-hour": 720
      }
    },
    {
      "id": "ProcessAccessURL002",
      "order": 2,
      "name": "Process AccessURL 002",
      "className": "vn.telesale.admin.web.thread.ProcessAccessUrl",
      "autoStart": true,
      "delayTime": 160,
      "params": {
        "customer-expired-by-hour": 720
      }
    },
    {
      "id": "ProcessAccessURL003",
      "order": 3,
      "name": "Process AccessURL 003",
      "className": "vn.telesale.admin.web.thread.ProcessAccessUrl",
      "autoStart": true,
      "delayTime": 160,
      "params": {
        "customer-expired-by-hour": 720
      }
    },
    {
      "id": "ProcessAccessURL004",
      "order": 4,
      "name": "Process AccessURL 004",
      "className": "vn.telesale.admin.web.thread.ProcessAccessUrl",
      "autoStart": true,
      "delayTime": 160,
      "params": {
        "customer-expired-by-hour": 720
      }
    },
    {
      "id": "ProcessAccessURL005",
      "order": 5,
      "name": "Process AccessURL 005",
      "className": "vn.telesale.admin.web.thread.ProcessAccessUrl",
      "autoStart": true,
      "delayTime": 160,
      "params": {
        "customer-expired-by-hour": 720
      }
    },
    {
      "id": "ProcessAccessURL006",
      "order": 6,
      "name": "Process AccessURL 006",
      "className": "vn.telesale.admin.web.thread.ProcessAccessUrl",
      "autoStart": true,
      "delayTime": 160,
      "params": {
        "customer-expired-by-hour": 720
      }
    },
    {
      "id": "ProcessAccessURL007",
      "order": 7,
      "name": "Process AccessURL 007",
      "className": "vn.telesale.admin.web.thread.ProcessAccessUrl",
      "autoStart": true,
      "delayTime": 160,
      "params": {
        "customer-expired-by-hour": 720
      }
    },
    {
      "id": "ProcessAccessURL008",
      "order": 8,
      "name": "Process AccessURL 008",
      "className": "vn.telesale.admin.web.thread.ProcessAccessUrl",
      "autoStart": true,
      "delayTime": 160,
      "params": {
        "customer-expired-by-hour": 720
      }
    },
    {
      "id": "ProcessAccessURL009",
      "order": 9,
      "name": "Process AccessURL 009",
      "className": "vn.telesale.admin.web.thread.ProcessAccessUrl",
      "autoStart": true,
      "delayTime": 160,
      "params": {
        "customer-expired-by-hour": 720
      }
    },
    {
      "id": "ProcessAccessURL010",
      "order": 10,
      "name": "Process AccessURL 010",
      "className": "vn.telesale.admin.web.thread.ProcessAccessUrl",
      "autoStart": true,
      "delayTime": 160,
      "params": {
        "customer-expired-by-hour": 720
      }
    },
    {
      "id": "ProcessAccessURL0011",
      "order": 11,
      "name": "Process AccessURL 0011",
      "className": "vn.telesale.admin.web.thread.ProcessAccessUrl",
      "autoStart": true,
      "delayTime": 160,
      "params": {
        "customer-expired-by-hour": 720
      }
    },
    {
      "id": "ProcessAccessURL0012",
      "order": 12,
      "name": "Process AccessURL 0012",
      "className": "vn.telesale.admin.web.thread.ProcessAccessUrl",
      "autoStart": true,
      "delayTime": 160,
      "params": {
        "customer-expired-by-hour": 720
      }
    },
    {
      "id": "ProcessAccessURL0013",
      "order": 13,
      "name": "Process AccessURL 0013",
      "className": "vn.telesale.admin.web.thread.ProcessAccessUrl",
      "autoStart": true,
      "delayTime": 160,
      "params": {
        "customer-expired-by-hour": 720
      }
    },
    {
      "id": "ProcessAccessURL0014",
      "order": 14,
      "name": "Process AccessURL 0014",
      "className": "vn.telesale.admin.web.thread.ProcessAccessUrl",
      "autoStart": true,
      "delayTime": 160,
      "params": {
        "customer-expired-by-hour": 720
      }
    },
    {
      "id": "ProcessAccessURL0015",
      "order": 15,
      "name": "Process AccessURL 0015",
      "className": "vn.telesale.admin.web.thread.ProcessAccessUrl",
      "autoStart": true,
      "delayTime": 160,
      "params": {
        "customer-expired-by-hour": 720
      }
    },
    {
      "id": "ProcessAccessURL0016",
      "order": 16,
      "name": "Process AccessURL 0016",
      "className": "vn.telesale.admin.web.thread.ProcessAccessUrl",
      "autoStart": true,
      "delayTime": 160,
      "params": {
        "customer-expired-by-hour": 720
      }
    },
    {
      "id": "ProcessAccessURL0017",
      "order": 17,
      "name": "Process AccessURL 0017",
      "className": "vn.telesale.admin.web.thread.ProcessAccessUrl",
      "autoStart": true,
      "delayTime": 160,
      "params": {
        "customer-expired-by-hour": 720
      }
    },
    {
      "id": "ProcessAccessURL0018",
      "order": 18,
      "name": "Process AccessURL 0018",
      "className": "vn.telesale.admin.web.thread.ProcessAccessUrl",
      "autoStart": true,
      "delayTime": 160,
      "params": {
        "customer-expired-by-hour": 720
      }
    },
    {
      "id": "ProcessAccessURL0019",
      "order": 19,
      "name": "Process AccessURL 0019",
      "className": "vn.telesale.admin.web.thread.ProcessAccessUrl",
      "autoStart": true,
      "delayTime": 160,
      "params": {
        "customer-expired-by-hour": 720
      }
    },
    {
      "id": "ProcessAccessURL0020",
      "order": 20,
      "name": "Process AccessURL 0020",
      "className": "vn.telesale.admin.web.thread.ProcessAccessUrl",
      "autoStart": true,
      "delayTime": 160,
      "params": {
        "customer-expired-by-hour": 720
      }
    },
    {
      "id": "ProcessUpdateCustomer0001",
      "order": 21,
      "name": "Process Update Customer 001",
      "className": "vn.telesale.admin.web.thread.ProcessUpdateCustomer",
      "autoStart": true,
      "delayTime": 160,
      "params": {
      }
    },
    {
      "id": "ProcessCustomerAddress00001",
      "order": 22,
      "name": "Proces sCustomer Address 001",
      "className": "vn.telesale.admin.web.thread.ProcessCustomerAddress",
      "autoStart": true,
      "delayTime": 15,
      "params": {
        "config-file": "customer_address_config.txt",
        "hour-start": "05",
        "first-time": false
      }
    }
  ]
}

